date,what happened,stage,business,address,city,details,filed by,source,source link
2026-10-05,Building out a space,Under construction,,1325 Quincy St NE,Minneapolis,New office in existing shell,1325 Property Owner LLC,Minneapolis building permit,https://services.arcgis.com/afSMGVsC7QlRK1kZ/arcgis/rest/services/CCS_Permits/FeatureServer/0/query?where=permitNumber%3D%27BLDG1198372%27&outFields=%2A&f=html
2026-10-05,Building out a space,"Construction done, opening now",,1433 Franklin Ave E,Minneapolis,Interior improvement to create child care center. Change of occupancy. No structural work,Jda Design Architects,Minneapolis building permit,https://services.arcgis.com/afSMGVsC7QlRK1kZ/arcgis/rest/services/CCS_Permits/FeatureServer/0/query?where=permitNumber%3D%27BLDG1151892%27&outFields=%2A&f=html
2026-10-02,Building out a space,Under construction,,3820 46th St E #1st Fl,Minneapolis,Cannabis dispensary. Change of occupancy. Submit a mechanical permit or submit mechanical letter signed by licensed designer/contractor stating space meets…,AWH Architects,Minneapolis building permit,https://services.arcgis.com/afSMGVsC7QlRK1kZ/arcgis/rest/services/CCS_Permits/FeatureServer/0/query?where=permitNumber%3D%27BLDG1193680%27&outFields=%2A&f=html
2026-10-02,Building out a space,"Construction done, opening now",,447 Harrison St NE,Minneapolis,New cannabis dispensary. Change of occupancy,Planforce Group,Minneapolis building permit,https://services.arcgis.com/afSMGVsC7QlRK1kZ/arcgis/rest/services/CCS_Permits/FeatureServer/0/query?where=permitNumber%3D%27BLDG1152489%27&outFields=%2A&f=html
2026-10-01,Building out a space,"Construction done, opening now",,1010 Park Ave,Minneapolis,Daycare inspection. Permitted in 2013 bldg239267 dhs application 4 children (6 weeks - 16 mo) 8 children (16 mo - 33 mo) 25 children (33 mo - kindergarten) 13…,Abdullahi Ahmed,Minneapolis building permit,https://services.arcgis.com/afSMGVsC7QlRK1kZ/arcgis/rest/services/CCS_Permits/FeatureServer/0/query?where=permitNumber%3D%27BLDG1189823%27&outFields=%2A&f=html
2026-09-30,Building out a space,Under construction,,31 9th St N #ramp,Minneapolis,remodel/convert portion of 2nd floor skyway area to offices,Tim Drew,Minneapolis building permit,https://services.arcgis.com/afSMGVsC7QlRK1kZ/arcgis/rest/services/CCS_Permits/FeatureServer/0/query?where=permitNumber%3D%27BLDG1200208%27&outFields=%2A&f=html
2026-09-30,Building out a space,Under construction,,729 3rd St N,Minneapolis,New fitness studio in existing building,J Hage Construction,Minneapolis building permit,https://services.arcgis.com/afSMGVsC7QlRK1kZ/arcgis/rest/services/CCS_Permits/FeatureServer/0/query?where=permitNumber%3D%27BLDG1199973%27&outFields=%2A&f=html
2026-09-30,Building out a space,"Construction done, opening now",,700 2nd St S #w20,Minneapolis,New primary bedroom and fitness room walls. All new finishes in unit,Branson Builders And Contractors INC,Minneapolis building permit,https://services.arcgis.com/afSMGVsC7QlRK1kZ/arcgis/rest/services/CCS_Permits/FeatureServer/0/query?where=permitNumber%3D%27BLDG1156621%27&outFields=%2A&f=html
2026-09-30,Building out a space,"Construction done, opening now",,700 2nd St S #w20,Minneapolis,New primary bedroom and fitness room walls. All new finishes in unit,Branson Builders And Contractors INC,Minneapolis building permit,https://services.arcgis.com/afSMGVsC7QlRK1kZ/arcgis/rest/services/CCS_Permits/FeatureServer/0/query?where=permitNumber%3D%27BLDG1156621%27&outFields=%2A&f=html
2026-09-30,Building out a space,"Construction done, opening now",,700 2nd St S #w20,Minneapolis,New primary bedroom and fitness room walls. All new finishes in unit,Branson Builders And Contractors INC,Minneapolis building permit,https://services.arcgis.com/afSMGVsC7QlRK1kZ/arcgis/rest/services/CCS_Permits/FeatureServer/0/query?where=permitNumber%3D%27BLDG1156621%27&outFields=%2A&f=html
2026-09-30,Building out a space,"Construction done, opening now",,700 2nd St S #w20,Minneapolis,New primary bedroom and fitness room walls. All new finishes in unit,Branson Builders And Contractors INC,Minneapolis building permit,https://services.arcgis.com/afSMGVsC7QlRK1kZ/arcgis/rest/services/CCS_Permits/FeatureServer/0/query?where=permitNumber%3D%27BLDG1156621%27&outFields=%2A&f=html
2026-09-29,Building out a space,"Construction done, opening now",,901 3rd St N #150,Minneapolis,"Demising existing office into separate tenant spaces. Add closet, 2 offices, enclose conference room, interior storefront/door",Klasic Construction Mgmt And Property Services LLC,Minneapolis building permit,https://services.arcgis.com/afSMGVsC7QlRK1kZ/arcgis/rest/services/CCS_Permits/FeatureServer/0/query?where=permitNumber%3D%27BLDG1153459%27&outFields=%2A&f=html
2026-09-29,Building out a space,"Construction done, opening now",,901 3rd St N #150,Minneapolis,"Demising existing office into separate tenant spaces. Add closet, 2 offices, enclose conference room, interior storefront/door",Klasic Construction Mgmt And Property Services LLC,Minneapolis building permit,https://services.arcgis.com/afSMGVsC7QlRK1kZ/arcgis/rest/services/CCS_Permits/FeatureServer/0/query?where=permitNumber%3D%27BLDG1153459%27&outFields=%2A&f=html
2026-09-29,Building out a space,"Construction done, opening now",,901 3rd St N #150,Minneapolis,"Demising existing office into separate tenant spaces. Add closet, 2 offices, enclose conference room, interior storefront/door",Klasic Construction Mgmt And Property Services LLC,Minneapolis building permit,https://services.arcgis.com/afSMGVsC7QlRK1kZ/arcgis/rest/services/CCS_Permits/FeatureServer/0/query?where=permitNumber%3D%27BLDG1153459%27&outFields=%2A&f=html
2026-09-29,Building out a space,"Construction done, opening now",,901 3rd St N #150,Minneapolis,"Demising existing office into separate tenant spaces. Add closet, 2 offices, enclose conference room, interior storefront/door",Klasic Construction Mgmt And Property Services LLC,Minneapolis building permit,https://services.arcgis.com/afSMGVsC7QlRK1kZ/arcgis/rest/services/CCS_Permits/FeatureServer/0/query?where=permitNumber%3D%27BLDG1153459%27&outFields=%2A&f=html
2026-09-28,Building out a space,Under construction,,241 5th Ave N,Minneapolis,Office tenant improvement on 7th floor,Je Dunn Construction,Minneapolis building permit,https://services.arcgis.com/afSMGVsC7QlRK1kZ/arcgis/rest/services/CCS_Permits/FeatureServer/0/query?where=permitNumber%3D%27BLDG1198700%27&outFields=%2A&f=html
2026-09-25,Building out a space,"Construction done, opening now",,2101 Hennepin Ave,Minneapolis,"Retail tenant improvement Suites 105, 108, and 112",Cultivate Construction,Minneapolis building permit,https://services.arcgis.com/afSMGVsC7QlRK1kZ/arcgis/rest/services/CCS_Permits/FeatureServer/0/query?where=permitNumber%3D%27BLDG1166452%27&outFields=%2A&f=html
2026-09-24,Building out a space,"Construction done, opening now",,19 26th St E,Minneapolis,"New cannabis store. Mechanical permit required, or submit letter to minneapolis inspector signed by a licensed mechanical designer/contractor stating all…",Bnh,Minneapolis building permit,https://services.arcgis.com/afSMGVsC7QlRK1kZ/arcgis/rest/services/CCS_Permits/FeatureServer/0/query?where=permitNumber%3D%27BLDG1167322%27&outFields=%2A&f=html
2026-09-24,Building out a space,Under construction,,201 Irving Ave N,Minneapolis,Tenant improvement in existing office space,Fixed Assets,Minneapolis building permit,https://services.arcgis.com/afSMGVsC7QlRK1kZ/arcgis/rest/services/CCS_Permits/FeatureServer/0/query?where=permitNumber%3D%27BLDG1200307%27&outFields=%2A&f=html
2026-09-23,Building out a space,"Construction done, opening now",,1606 22nd Ave NE,Minneapolis,New dispensary in existing building,Garrett Construction LLC,Minneapolis building permit,https://services.arcgis.com/afSMGVsC7QlRK1kZ/arcgis/rest/services/CCS_Permits/FeatureServer/0/query?where=permitNumber%3D%27BLDG1161849%27&outFields=%2A&f=html
2026-09-22,Building out a space,"Construction done, opening now",,2520 15th Ave S,Minneapolis,Change of occupancy from irc-1 to r3 assisted living. Must have 7' ceiling min. At all levels except lower level.,Hodo Mure,Minneapolis building permit,https://services.arcgis.com/afSMGVsC7QlRK1kZ/arcgis/rest/services/CCS_Permits/FeatureServer/0/query?where=permitNumber%3D%27BLDG1188758%27&outFields=%2A&f=html
2026-09-22,Building out a space,"Construction done, opening now",,5140 Fremont Ave N,Minneapolis,Daycare. Building consists of assembly area and i-4,Agape Child Development Center,Minneapolis building permit,https://services.arcgis.com/afSMGVsC7QlRK1kZ/arcgis/rest/services/CCS_Permits/FeatureServer/0/query?where=permitNumber%3D%27BLDG1177753%27&outFields=%2A&f=html
2026-09-18,Building out a space,Under construction,,1121 Jackson St NE,Minneapolis,"T/i - wheelhouse studio, suite 119, 120, 121",Planforce Group,Minneapolis building permit,https://services.arcgis.com/afSMGVsC7QlRK1kZ/arcgis/rest/services/CCS_Permits/FeatureServer/0/query?where=permitNumber%3D%27BLDG1200387%27&outFields=%2A&f=html
2026-09-17,Building out a space,"Final inspection, opening soon",,2833 13th Ave S #200,Minneapolis,Suite 200 child daycare inspection request,Anab Ali,Minneapolis building permit,https://services.arcgis.com/afSMGVsC7QlRK1kZ/arcgis/rest/services/CCS_Permits/FeatureServer/0/query?where=permitNumber%3D%27BLDG1192212%27&outFields=%2A&f=html
2026-09-17,Building out a space,Under construction,,4999 France Ave S,Minneapolis,Tenant Improvement Suite 180 - Waggle Golf,Mission Construction,Minneapolis building permit,https://services.arcgis.com/afSMGVsC7QlRK1kZ/arcgis/rest/services/CCS_Permits/FeatureServer/0/query?where=permitNumber%3D%27BLDG1198910%27&outFields=%2A&f=html
2026-09-17,Building out a space,"Construction done, opening now",,5009 Beard Ave S,Minneapolis,remodel and change of occupancy of upper level offices to I4 child daycare.,Yellow Tree Construction Services,Minneapolis building permit,https://services.arcgis.com/afSMGVsC7QlRK1kZ/arcgis/rest/services/CCS_Permits/FeatureServer/0/query?where=permitNumber%3D%27BLDG1103917%27&outFields=%2A&f=html
2026-09-17,Building out a space,"Final inspection, opening soon",,100 Washington Ave S,Minneapolis,Suite 1306 spec suite build out for future tenant. No structural work,Gardner Builders,Minneapolis building permit,https://services.arcgis.com/afSMGVsC7QlRK1kZ/arcgis/rest/services/CCS_Permits/FeatureServer/0/query?where=permitNumber%3D%27BLDG1198726%27&outFields=%2A&f=html
2026-09-16,Building out a space,"Final inspection, opening soon",,510 Cedar Ave S,Minneapolis,"Daycare, no construction, inspection needed",Electro Star LLC,Minneapolis building permit,https://services.arcgis.com/afSMGVsC7QlRK1kZ/arcgis/rest/services/CCS_Permits/FeatureServer/0/query?where=permitNumber%3D%27BLDG1198964%27&outFields=%2A&f=html
2026-09-16,Building out a space,"Final inspection, opening soon",,100 Washington Ave S,Minneapolis,Build out spec suite for future tenant,Gardner Builders,Minneapolis building permit,https://services.arcgis.com/afSMGVsC7QlRK1kZ/arcgis/rest/services/CCS_Permits/FeatureServer/0/query?where=permitNumber%3D%27BLDG1198727%27&outFields=%2A&f=html
2026-09-11,Building out a space,"Construction done, opening now",,801 Nicollet Mall,Minneapolis,Tenant improvement at suite #W1750,Crawford Merz LLC,Minneapolis building permit,https://services.arcgis.com/afSMGVsC7QlRK1kZ/arcgis/rest/services/CCS_Permits/FeatureServer/0/query?where=permitNumber%3D%27BLDG1180009%27&outFields=%2A&f=html
2026-09-11,Building out a space,Under construction,,6001 Penn Ave S,Minneapolis,Remodel of existing convenience store,Dj Kranz Co INC,Minneapolis building permit,https://services.arcgis.com/afSMGVsC7QlRK1kZ/arcgis/rest/services/CCS_Permits/FeatureServer/0/query?where=permitNumber%3D%27BLDG1190480%27&outFields=%2A&f=html
2026-09-10,Building out a space,"Construction done, opening now",,917 5th Ave S,Minneapolis,New dog daycare in existing space,Allan Spratt,Minneapolis building permit,https://services.arcgis.com/afSMGVsC7QlRK1kZ/arcgis/rest/services/CCS_Permits/FeatureServer/0/query?where=permitNumber%3D%27BLDG1171200%27&outFields=%2A&f=html
2026-09-09,Building out a space,"Final inspection, opening soon",,80 8th St S,Minneapolis,Tenant improvement including merging suites,Crawford Merz LLC,Minneapolis building permit,https://services.arcgis.com/afSMGVsC7QlRK1kZ/arcgis/rest/services/CCS_Permits/FeatureServer/0/query?where=permitNumber%3D%27BLDG1189769%27&outFields=%2A&f=html
2026-09-09,Building out a space,"Construction done, opening now",,1016 West Broadway,Minneapolis,Tenant improvement - Bright Minds Childcare,Jda Design Architects,Minneapolis building permit,https://services.arcgis.com/afSMGVsC7QlRK1kZ/arcgis/rest/services/CCS_Permits/FeatureServer/0/query?where=permitNumber%3D%27BLDG1152414%27&outFields=%2A&f=html
2026-09-08,Building out a space,Under construction,,2900 13th Ave S,Minneapolis,New child daycare tenant improvement in existing building,Electrostar,Minneapolis building permit,https://services.arcgis.com/afSMGVsC7QlRK1kZ/arcgis/rest/services/CCS_Permits/FeatureServer/0/query?where=permitNumber%3D%27BLDG1170783%27&outFields=%2A&f=html
2026-09-08,Building out a space,Under construction,,32 9th St S,Minneapolis,Modify training space on Level 5. Add doors to create new tenant suite on Level 6,Cindy Anderson,Minneapolis building permit,https://services.arcgis.com/afSMGVsC7QlRK1kZ/arcgis/rest/services/CCS_Permits/FeatureServer/0/query?where=permitNumber%3D%27BLDG1198879%27&outFields=%2A&f=html
2026-09-04,Building out a space,Under construction,,3940 Minnehaha Ave,Minneapolis,New dispensary in existing building,Studio Bliss,Minneapolis building permit,https://services.arcgis.com/afSMGVsC7QlRK1kZ/arcgis/rest/services/CCS_Permits/FeatureServer/0/query?where=permitNumber%3D%27BLDG1182464%27&outFields=%2A&f=html
2026-09-02,Building out a space,Under construction,,810 38th St E,Minneapolis,New dispensary in existing building,Design 2 Builders INC,Minneapolis building permit,https://services.arcgis.com/afSMGVsC7QlRK1kZ/arcgis/rest/services/CCS_Permits/FeatureServer/0/query?where=permitNumber%3D%27BLDG1182732%27&outFields=%2A&f=html
2026-08-27,Building out a space,"Construction done, opening now",,210 2nd St N,Minneapolis,remodel - nail salon. space 105,Skyler Enterprises LLC,Minneapolis building permit,https://services.arcgis.com/afSMGVsC7QlRK1kZ/arcgis/rest/services/CCS_Permits/FeatureServer/0/query?where=permitNumber%3D%27BLDG1166428%27&outFields=%2A&f=html
2026-08-27,Building out a space,Under construction,,930 Hennepin Ave,Minneapolis,Tenant Improvement Suite #3 - State Farm - office remodel,Rutledge Construction Co,Minneapolis building permit,https://services.arcgis.com/afSMGVsC7QlRK1kZ/arcgis/rest/services/CCS_Permits/FeatureServer/0/query?where=permitNumber%3D%27BLDG1197489%27&outFields=%2A&f=html
2026-08-27,Building out a space,"Construction done, opening now",,4901 France Ave S,Minneapolis,Fitness studio interior build out,James Kehl,Minneapolis building permit,https://services.arcgis.com/afSMGVsC7QlRK1kZ/arcgis/rest/services/CCS_Permits/FeatureServer/0/query?where=permitNumber%3D%27BLDG1162222%27&outFields=%2A&f=html
2026-08-26,Building out a space,"Construction done, opening now",,2640 Hennepin Ave,Minneapolis,New cannabis retail facility,Alliance Contracting Inc,Minneapolis building permit,https://services.arcgis.com/afSMGVsC7QlRK1kZ/arcgis/rest/services/CCS_Permits/FeatureServer/0/query?where=permitNumber%3D%27BLDG1160097%27&outFields=%2A&f=html
2026-08-26,Building out a space,Under construction,,21 26th St E,Minneapolis,New dispensary in existing building,Welter Construction LLC,Minneapolis building permit,https://services.arcgis.com/afSMGVsC7QlRK1kZ/arcgis/rest/services/CCS_Permits/FeatureServer/0/query?where=permitNumber%3D%27BLDG1177445%27&outFields=%2A&f=html
2026-08-20,Building out a space,"Construction done, opening now",,225 6th St S,Minneapolis,T/i 'winthrop & weinstine' - suite 3500,Gardner Builders,Minneapolis building permit,https://services.arcgis.com/afSMGVsC7QlRK1kZ/arcgis/rest/services/CCS_Permits/FeatureServer/0/query?where=permitNumber%3D%27BLDG1160050%27&outFields=%2A&f=html
2026-08-20,Building out a space,"Construction done, opening now",,3737 Minnehaha Ave,Minneapolis,Tenant improvement new cannabis dispensary,NW Construction,Minneapolis building permit,https://services.arcgis.com/afSMGVsC7QlRK1kZ/arcgis/rest/services/CCS_Permits/FeatureServer/0/query?where=permitNumber%3D%27BLDG1165409%27&outFields=%2A&f=html
2026-08-20,Building out a space,"Construction done, opening now",,501 54th St W,Minneapolis,Annunciation daycare,Ayars & Ayars,Minneapolis building permit,https://services.arcgis.com/afSMGVsC7QlRK1kZ/arcgis/rest/services/CCS_Permits/FeatureServer/0/query?where=permitNumber%3D%27BLDG1180841%27&outFields=%2A&f=html
2026-08-19,Building out a space,"Construction done, opening now",,2225 West River Rd N,Minneapolis,Alterations to the existing clinical areas to create a larger instrument decontamination room,Greiner Construction,Minneapolis building permit,https://services.arcgis.com/afSMGVsC7QlRK1kZ/arcgis/rest/services/CCS_Permits/FeatureServer/0/query?where=permitNumber%3D%27BLDG1162897%27&outFields=%2A&f=html
2026-08-17,Building out a space,Under construction,,2519 Lyndale Ave N,Minneapolis,alterations and change of occupancy to E occupancy child daycare,Jda Design Architects,Minneapolis building permit,https://services.arcgis.com/afSMGVsC7QlRK1kZ/arcgis/rest/services/CCS_Permits/FeatureServer/0/query?where=permitNumber%3D%27BLDG1162398%27&outFields=%2A&f=html
2026-08-12,Building out a space,"Final inspection, opening soon",Pop Up Bagels,107 3rd Ave N,Minneapolis,Tenant Improvement - Pop Up Bagels - Suite B105,Strack Construction Inc,Minneapolis building permit,https://services.arcgis.com/afSMGVsC7QlRK1kZ/arcgis/rest/services/CCS_Permits/FeatureServer/0/query?where=permitNumber%3D%27BLDG1185464%27&outFields=%2A&f=html
2026-08-12,Building out a space,"Construction done, opening now",,3016 Harriet Ave,Minneapolis,Fire-rate north exterior wall and convert to assisted living facility,Andrea Sampson,Minneapolis building permit,https://services.arcgis.com/afSMGVsC7QlRK1kZ/arcgis/rest/services/CCS_Permits/FeatureServer/0/query?where=permitNumber%3D%27BLDG1155131%27&outFields=%2A&f=html
2026-08-11,Building out a space,Under construction,,3152 Minnehaha Ave,Minneapolis,Partial first floor renovation of existing clinic spaces,Bauer Design Build,Minneapolis building permit,https://services.arcgis.com/afSMGVsC7QlRK1kZ/arcgis/rest/services/CCS_Permits/FeatureServer/0/query?where=permitNumber%3D%27BLDG1187477%27&outFields=%2A&f=html
2026-08-11,Building out a space,Under construction,,627 West Broadway,Minneapolis,remodel first floor for retail sales. work is in the 627 W Broadway building formerly occupied by Walgreens retail,Landon Vowels,Minneapolis building permit,https://services.arcgis.com/afSMGVsC7QlRK1kZ/arcgis/rest/services/CCS_Permits/FeatureServer/0/query?where=permitNumber%3D%27BLDG1188267%27&outFields=%2A&f=html
2026-08-05,Building out a space,"Construction done, opening now",,1125 5th St SE,Minneapolis,Daycare change of ownership. Infant room located on level 1 to have (2) exits per section 1006.2.2.4 existing child care license for miniapple international…,Miniapple International Montessori,Minneapolis building permit,https://services.arcgis.com/afSMGVsC7QlRK1kZ/arcgis/rest/services/CCS_Permits/FeatureServer/0/query?where=permitNumber%3D%27BLDG1169541%27&outFields=%2A&f=html
2026-08-03,Layoffs or closing,Closing,UCare,600 Stinson Blvd,Minneapolis,Layoff notice filed with the state,,MN DEED layoff (WARN) notice,https://mn.gov/deed/assets/warn-2026-ucare_tcm1045-762701.pdf
2026-07-30,Building out a space,"Construction done, opening now",,109 2nd St N,Minneapolis,Tenant improvement for message therapy wellness,Stacey Wellnitz,Minneapolis building permit,https://services.arcgis.com/afSMGVsC7QlRK1kZ/arcgis/rest/services/CCS_Permits/FeatureServer/0/query?where=permitNumber%3D%27BLDG1168796%27&outFields=%2A&f=html
2026-07-30,Layoffs or closing,Layoffs,"Northern Iron, LLC",867 Forest St N,St. Paul,50 jobs stated in the notice,,MN DEED layoff (WARN) notice,https://mn.gov/deed/assets/warn-2026-northern-iron-llc_tcm1045-762226.pdf
2026-07-29,Building out a space,"Construction done, opening now",,1400 Van Buren St NE,Minneapolis,T/i office - suite 200,Mission Construction,Minneapolis building permit,https://services.arcgis.com/afSMGVsC7QlRK1kZ/arcgis/rest/services/CCS_Permits/FeatureServer/0/query?where=permitNumber%3D%27BLDG1169618%27&outFields=%2A&f=html
2026-07-28,Building out a space,"Construction done, opening now",,5152 Hiawatha Ave,Minneapolis,New cannibis dispensary. Mechanical permit or letter from licensed mechanical contractor required stating that the mechical systems for this property meet mn…,Colton Hinz,Minneapolis building permit,https://services.arcgis.com/afSMGVsC7QlRK1kZ/arcgis/rest/services/CCS_Permits/FeatureServer/0/query?where=permitNumber%3D%27BLDG1166064%27&outFields=%2A&f=html
2026-07-28,Building out a space,"Construction done, opening now",FedEx Office,1001 Marquette Ave,Minneapolis,Tenant Improvement - FedEx Office - Accessory to hotel,Sandy Dao,Minneapolis building permit,https://services.arcgis.com/afSMGVsC7QlRK1kZ/arcgis/rest/services/CCS_Permits/FeatureServer/0/query?where=permitNumber%3D%27BLDG1165425%27&outFields=%2A&f=html
2026-07-27,Building out a space,"Final inspection, opening soon",,200 6th St S,Minneapolis,Tenant improvement in existing office spaces on 2 level,Greiner Construction,Minneapolis building permit,https://services.arcgis.com/afSMGVsC7QlRK1kZ/arcgis/rest/services/CCS_Permits/FeatureServer/0/query?where=permitNumber%3D%27BLDG1188794%27&outFields=%2A&f=html
2026-07-23,Building out a space,"Final inspection, opening soon",,105 5th Ave S,Minneapolis,T/i suite 400,Crawford Merz LLC,Minneapolis building permit,https://services.arcgis.com/afSMGVsC7QlRK1kZ/arcgis/rest/services/CCS_Permits/FeatureServer/0/query?where=permitNumber%3D%27BLDG1188356%27&outFields=%2A&f=html
2026-07-21,Building out a space,"Construction done, opening now",,2800 1st Ave S,Minneapolis,Mn dhs request for inter-agency inspections for apple child care inc.,Saaid Abdirisaaq,Minneapolis building permit,https://services.arcgis.com/afSMGVsC7QlRK1kZ/arcgis/rest/services/CCS_Permits/FeatureServer/0/query?where=permitNumber%3D%27BLDG1164346%27&outFields=%2A&f=html
2026-07-17,Building out a space,"Construction done, opening now",,3928 Nicollet Ave,Minneapolis,Add toddler toilets to existing daycare,Casa De Corazon- Northeast,Minneapolis building permit,https://services.arcgis.com/afSMGVsC7QlRK1kZ/arcgis/rest/services/CCS_Permits/FeatureServer/0/query?where=permitNumber%3D%27BLDG1160674%27&outFields=%2A&f=html
2026-07-17,Building out a space,"Final inspection, opening soon",Minnesota Natural,4204 Cedar Ave S,Minneapolis,New Cannabis Retail Facility - Minnesota Natural,Max Cohen,Minneapolis building permit,https://services.arcgis.com/afSMGVsC7QlRK1kZ/arcgis/rest/services/CCS_Permits/FeatureServer/0/query?where=permitNumber%3D%27BLDG1174003%27&outFields=%2A&f=html
2026-07-16,Building out a space,"Construction done, opening now",,111 3rd Ave S,Minneapolis,T/i suite 350,Greiner Construction Inc,Minneapolis building permit,https://services.arcgis.com/afSMGVsC7QlRK1kZ/arcgis/rest/services/CCS_Permits/FeatureServer/0/query?where=permitNumber%3D%27BLDG1172753%27&outFields=%2A&f=html
2026-07-14,Building out a space,"Construction done, opening now",,4203 Webber Pkwy,Minneapolis,"Expand daycare into previous b occupancy change of occupancy mechanical alterations required, mechanical engineer: 51682 - nebelung, eric nicholas @…",Broderick B Austin,Minneapolis building permit,https://services.arcgis.com/afSMGVsC7QlRK1kZ/arcgis/rest/services/CCS_Permits/FeatureServer/0/query?where=permitNumber%3D%27BLDG1127649%27&outFields=%2A&f=html
2026-07-13,Building out a space,"Construction done, opening now",,710 24th St E,Minneapolis,"2nd story gym addition. Building d. 2nd floor is 55,050 sf",Rochon Corporation,Minneapolis building permit,https://services.arcgis.com/afSMGVsC7QlRK1kZ/arcgis/rest/services/CCS_Permits/FeatureServer/0/query?where=permitNumber%3D%27BLDG1114995%27&outFields=%2A&f=html
2026-07-09,Building out a space,"Construction done, opening now",,5 38th St E,Minneapolis,Ocm - cannabis store. Soderlin plumbing has reviewed the mechanical systems on site. No modifications required to mechanical system.,Zachary Johnson,Minneapolis building permit,https://services.arcgis.com/afSMGVsC7QlRK1kZ/arcgis/rest/services/CCS_Permits/FeatureServer/0/query?where=permitNumber%3D%27BLDG1179555%27&outFields=%2A&f=html
2026-07-09,Building out a space,"Construction done, opening now",,4103 Lake St E,Minneapolis,Dental office tenant improvement,Heritage Construction Co LLC,Minneapolis building permit,https://services.arcgis.com/afSMGVsC7QlRK1kZ/arcgis/rest/services/CCS_Permits/FeatureServer/0/query?where=permitNumber%3D%27BLDG1163258%27&outFields=%2A&f=html
2026-07-08,Building out a space,"Construction done, opening now",,275 Market St,Minneapolis,"Tenant improvement demising suite, adding new walls, relocating doors, painting, flooring",Lindee Construction LLC,Minneapolis building permit,https://services.arcgis.com/afSMGVsC7QlRK1kZ/arcgis/rest/services/CCS_Permits/FeatureServer/0/query?where=permitNumber%3D%27BLDG1145429%27&outFields=%2A&f=html
2026-07-08,Building out a space,"Construction done, opening now",,275 Market St,Minneapolis,"Tenant improvement demising suite, adding new walls, relocating doors, painting, flooring",Lindee Construction LLC,Minneapolis building permit,https://services.arcgis.com/afSMGVsC7QlRK1kZ/arcgis/rest/services/CCS_Permits/FeatureServer/0/query?where=permitNumber%3D%27BLDG1145429%27&outFields=%2A&f=html
2026-07-08,Building out a space,"Construction done, opening now",,80 8th St S,Minneapolis,T/i suite 3075,Crawford Merz LLC,Minneapolis building permit,https://services.arcgis.com/afSMGVsC7QlRK1kZ/arcgis/rest/services/CCS_Permits/FeatureServer/0/query?where=permitNumber%3D%27BLDG1177971%27&outFields=%2A&f=html
2026-07-08,Building out a space,"Construction done, opening now",,275 Market St,Minneapolis,"Tenant improvement demising suite, adding new walls, relocating doors, painting, flooring",Lindee Construction LLC,Minneapolis building permit,https://services.arcgis.com/afSMGVsC7QlRK1kZ/arcgis/rest/services/CCS_Permits/FeatureServer/0/query?where=permitNumber%3D%27BLDG1145429%27&outFields=%2A&f=html
2026-07-08,Building out a space,"Construction done, opening now",,275 Market St,Minneapolis,"Tenant improvement demising suite, adding new walls, relocating doors, painting, flooring",Lindee Construction LLC,Minneapolis building permit,https://services.arcgis.com/afSMGVsC7QlRK1kZ/arcgis/rest/services/CCS_Permits/FeatureServer/0/query?where=permitNumber%3D%27BLDG1145429%27&outFields=%2A&f=html
2026-07-07,Building out a space,Under construction,,1301 Bryant Ave N,Minneapolis,T/i offices,Monaghan Construction,Minneapolis building permit,https://services.arcgis.com/afSMGVsC7QlRK1kZ/arcgis/rest/services/CCS_Permits/FeatureServer/0/query?where=permitNumber%3D%27BLDG1135883%27&outFields=%2A&f=html
2026-07-07,Building out a space,"Construction done, opening now",,800 Lasalle Ave,Minneapolis,Tenant improvement. Suite 2075,Fendler Patterson Construction,Minneapolis building permit,https://services.arcgis.com/afSMGVsC7QlRK1kZ/arcgis/rest/services/CCS_Permits/FeatureServer/0/query?where=permitNumber%3D%27BLDG1129537%27&outFields=%2A&f=html
2026-07-06,Building out a space,"Construction done, opening now",,726 Central Ave NE,Minneapolis,remodel retail cannabis sales,Joe Sinykin,Minneapolis building permit,https://services.arcgis.com/afSMGVsC7QlRK1kZ/arcgis/rest/services/CCS_Permits/FeatureServer/0/query?where=permitNumber%3D%27BLDG1169539%27&outFields=%2A&f=html
2026-07-02,Building out a space,"Final inspection, opening soon",,1501 Hennepin Ave,Minneapolis,"2,400 sq ft remodel on 5th floor - dental assistant program",Miller Dunwiddie Architecture,Minneapolis building permit,https://services.arcgis.com/afSMGVsC7QlRK1kZ/arcgis/rest/services/CCS_Permits/FeatureServer/0/query?where=permitNumber%3D%27BLDG1181996%27&outFields=%2A&f=html
2026-07-02,Building out a space,Under construction,,2938 Lyndale Ave S,Minneapolis,Ocm. Cannabis dispensary. All exiting to meet section 1010.1.9.,Minny Roots LLC,Minneapolis building permit,https://services.arcgis.com/afSMGVsC7QlRK1kZ/arcgis/rest/services/CCS_Permits/FeatureServer/0/query?where=permitNumber%3D%27BLDG1181547%27&outFields=%2A&f=html
2026-07-01,Building out a space,"Construction done, opening now",,1822 Lake St E,Minneapolis,interagency inspection for existing daycare change of ownership.,Falis Abdi Ahmed,Minneapolis building permit,https://services.arcgis.com/afSMGVsC7QlRK1kZ/arcgis/rest/services/CCS_Permits/FeatureServer/0/query?where=permitNumber%3D%27BLDG1172201%27&outFields=%2A&f=html
2026-06-30,Building out a space,Under construction,,1501 Washington Ave S,Minneapolis,Office tenant improvement,"NAI Architects, Inc",Minneapolis building permit,https://services.arcgis.com/afSMGVsC7QlRK1kZ/arcgis/rest/services/CCS_Permits/FeatureServer/0/query?where=permitNumber%3D%27BLDG1183665%27&outFields=%2A&f=html
2026-06-30,Building out a space,"Construction done, opening now",,250 3rd Ave N,Minneapolis,"Convert levels 2, 3, & 4 from artist studios to office space","Crowe Companies, LLC",Minneapolis building permit,https://services.arcgis.com/afSMGVsC7QlRK1kZ/arcgis/rest/services/CCS_Permits/FeatureServer/0/query?where=permitNumber%3D%27BLDG1154093%27&outFields=%2A&f=html
2026-06-30,Building out a space,"Construction done, opening now",,5357 Penn Ave S,Minneapolis,T/i grocery change of occupancy = yes,Rise Collaborative Development,Minneapolis building permit,https://services.arcgis.com/afSMGVsC7QlRK1kZ/arcgis/rest/services/CCS_Permits/FeatureServer/0/query?where=permitNumber%3D%27BLDG1154678%27&outFields=%2A&f=html
2026-06-30,Building out a space,"Final inspection, opening soon",,800 Lasalle Ave,Minneapolis,Suite 1900. Tenant improvement,Fendler Patterson Construction,Minneapolis building permit,https://services.arcgis.com/afSMGVsC7QlRK1kZ/arcgis/rest/services/CCS_Permits/FeatureServer/0/query?where=permitNumber%3D%27BLDG1184437%27&outFields=%2A&f=html
2026-06-26,Building out a space,"Final inspection, opening soon",,4423 Nicollet Ave,Minneapolis,Ocm - cannabis dispensary. Mechanical permit or letter from licensed mechanical designer/contractor/engineer required stating that the bldg has a working…,AWH Architects,Minneapolis building permit,https://services.arcgis.com/afSMGVsC7QlRK1kZ/arcgis/rest/services/CCS_Permits/FeatureServer/0/query?where=permitNumber%3D%27BLDG1181973%27&outFields=%2A&f=html
2026-06-25,Building out a space,"Construction done, opening now",,121 8th St S,Minneapolis,Suite 950. Interior tenant improvement,Crawford Merz LLC,Minneapolis building permit,https://services.arcgis.com/afSMGVsC7QlRK1kZ/arcgis/rest/services/CCS_Permits/FeatureServer/0/query?where=permitNumber%3D%27BLDG1166949%27&outFields=%2A&f=html
2026-06-23,Building out a space,"Construction done, opening now",,43 Main St SE,Minneapolis,Tenant space office buildout,Rjm Construction,Minneapolis building permit,https://services.arcgis.com/afSMGVsC7QlRK1kZ/arcgis/rest/services/CCS_Permits/FeatureServer/0/query?where=permitNumber%3D%27BLDG1172946%27&outFields=%2A&f=html
2026-06-22,Building out a space,"Final inspection, opening soon",Idf,401 Chicago Ave,Minneapolis,office buildout - IDF to PTZ room conversion. northeast corner of stadium,Construction Results Corp,Minneapolis building permit,https://services.arcgis.com/afSMGVsC7QlRK1kZ/arcgis/rest/services/CCS_Permits/FeatureServer/0/query?where=permitNumber%3D%27BLDG1184696%27&outFields=%2A&f=html
2026-06-17,Building out a space,"Construction done, opening now",,4123 Lake St E,Minneapolis,"Daycare needs DHS inspection. No work to be done. Note, work/drawings are for previous permit BLDG957091",Fadumo Abdi,Minneapolis building permit,https://services.arcgis.com/afSMGVsC7QlRK1kZ/arcgis/rest/services/CCS_Permits/FeatureServer/0/query?where=permitNumber%3D%27BLDG1174321%27&outFields=%2A&f=html
2026-06-16,Building out a space,"Construction done, opening now",,102 Lake St E,Minneapolis,"Construct new 1-story, 6,270 sqft office building. Install demising walls for 3 tenant spaces. Build-out and finish 1 tenant space, 2655 sqft.",Steiner Construction Services INC,Minneapolis building permit,https://services.arcgis.com/afSMGVsC7QlRK1kZ/arcgis/rest/services/CCS_Permits/FeatureServer/0/query?where=permitNumber%3D%27BLDG1089707%27&outFields=%2A&f=html
2026-06-11,Building out a space,"Construction done, opening now",,50 6th St S,Minneapolis,Tenant Improvement of newly demised office,Mp Johnson Construction INC,Minneapolis building permit,https://services.arcgis.com/afSMGVsC7QlRK1kZ/arcgis/rest/services/CCS_Permits/FeatureServer/0/query?where=permitNumber%3D%27BLDG1166193%27&outFields=%2A&f=html
2026-06-11,Building out a space,Under construction,,700 West Broadway,Minneapolis,Remodel vacant tenant space into cannabis store. A mechanical permit or a letter from a licensed mechanical designer stating that the mechanical system meets…,Green Owl Dispensary,Minneapolis building permit,https://services.arcgis.com/afSMGVsC7QlRK1kZ/arcgis/rest/services/CCS_Permits/FeatureServer/0/query?where=permitNumber%3D%27BLDG1167732%27&outFields=%2A&f=html
2026-06-11,Building out a space,Under construction,,700 West Broadway,Minneapolis,Remodel vacant tenant space into cannabis store. A mechanical permit or a letter from a licensed mechanical designer stating that the mechanical system meets…,Green Owl Dispensary,Minneapolis building permit,https://services.arcgis.com/afSMGVsC7QlRK1kZ/arcgis/rest/services/CCS_Permits/FeatureServer/0/query?where=permitNumber%3D%27BLDG1167732%27&outFields=%2A&f=html
2026-06-11,Building out a space,Under construction,,918 Lake St W,Minneapolis,Interior tenant fit-out for a cannabis retail,Wjca,Minneapolis building permit,https://services.arcgis.com/afSMGVsC7QlRK1kZ/arcgis/rest/services/CCS_Permits/FeatureServer/0/query?where=permitNumber%3D%27BLDG1174557%27&outFields=%2A&f=html
2026-06-08,Building out a space,"Construction done, opening now",,312 Central Ave SE,Minneapolis,T/i suite 542,Crawford Merz LLC,Minneapolis building permit,https://services.arcgis.com/afSMGVsC7QlRK1kZ/arcgis/rest/services/CCS_Permits/FeatureServer/0/query?where=permitNumber%3D%27BLDG1165416%27&outFields=%2A&f=html
2026-06-08,Building out a space,"Construction done, opening now",,333 7th St S,Minneapolis,"Demo for ""vacancy prep"" to ""whitebox"", suite #3000",Roskop Construction,Minneapolis building permit,https://services.arcgis.com/afSMGVsC7QlRK1kZ/arcgis/rest/services/CCS_Permits/FeatureServer/0/query?where=permitNumber%3D%27BLDG1112459%27&outFields=%2A&f=html
2026-06-08,Layoffs or closing,Closing,OneMain Financial,1270 Northland Drive Suite 200,Mendota Heights,Layoff notice filed with the state,,MN DEED layoff (WARN) notice,https://mn.gov/deed/assets/warn-2026-onemain-financial_tcm1045-752707.pdf
