date,type of business,what happened,stage,business,address,city,details,filed by,source,source link
2026-10-05,Child care center,Building out a space,"Construction done, opening now",,1433 Franklin Ave E,Minneapolis,Interior improvement to create child care center. Change of occupancy. No structural work,Jda Design Architects,Minneapolis building permit,https://services.arcgis.com/afSMGVsC7QlRK1kZ/arcgis/rest/services/CCS_Permits/FeatureServer/0/query?where=permitNumber%3D%27BLDG1151892%27&outFields=%2A&f=html
2026-10-02,Cannabis dispensary,Building out a space,Under construction,,3820 46th St E #1st Fl,Minneapolis,Cannabis dispensary. Change of occupancy. Submit a mechanical permit or submit mechanical letter signed by licensed designer/contractor stating space meets…,AWH Architects,Minneapolis building permit,https://services.arcgis.com/afSMGVsC7QlRK1kZ/arcgis/rest/services/CCS_Permits/FeatureServer/0/query?where=permitNumber%3D%27BLDG1193680%27&outFields=%2A&f=html
2026-10-02,Cannabis dispensary,Building out a space,"Construction done, opening now",,447 Harrison St NE,Minneapolis,New cannabis dispensary. Change of occupancy,Planforce Group,Minneapolis building permit,https://services.arcgis.com/afSMGVsC7QlRK1kZ/arcgis/rest/services/CCS_Permits/FeatureServer/0/query?where=permitNumber%3D%27BLDG1152489%27&outFields=%2A&f=html
2026-10-01,Child care center,Building out a space,"Construction done, opening now",,1010 Park Ave,Minneapolis,Daycare inspection. Permitted in 2013 bldg239267 dhs application 4 children (6 weeks - 16 mo) 8 children (16 mo - 33 mo) 25 children (33 mo - kindergarten) 13…,Abdullahi Ahmed,Minneapolis building permit,https://services.arcgis.com/afSMGVsC7QlRK1kZ/arcgis/rest/services/CCS_Permits/FeatureServer/0/query?where=permitNumber%3D%27BLDG1189823%27&outFields=%2A&f=html
2026-09-30,Gym or fitness studio,Building out a space,Under construction,,729 3rd St N,Minneapolis,New fitness studio in existing building,J Hage Construction,Minneapolis building permit,https://services.arcgis.com/afSMGVsC7QlRK1kZ/arcgis/rest/services/CCS_Permits/FeatureServer/0/query?where=permitNumber%3D%27BLDG1199973%27&outFields=%2A&f=html
2026-09-25,Shop,Building out a space,"Construction done, opening now",,2101 Hennepin Ave,Minneapolis,"Retail tenant improvement Suites 105, 108, and 112",Cultivate Construction,Minneapolis building permit,https://services.arcgis.com/afSMGVsC7QlRK1kZ/arcgis/rest/services/CCS_Permits/FeatureServer/0/query?where=permitNumber%3D%27BLDG1166452%27&outFields=%2A&f=html
2026-09-24,Cannabis dispensary,Building out a space,"Construction done, opening now",,19 26th St E,Minneapolis,"New cannabis store. Mechanical permit required, or submit letter to minneapolis inspector signed by a licensed mechanical designer/contractor stating all…",Bnh,Minneapolis building permit,https://services.arcgis.com/afSMGVsC7QlRK1kZ/arcgis/rest/services/CCS_Permits/FeatureServer/0/query?where=permitNumber%3D%27BLDG1167322%27&outFields=%2A&f=html
2026-09-23,Cannabis dispensary,Building out a space,"Construction done, opening now",,1606 22nd Ave NE,Minneapolis,New dispensary in existing building,Garrett Construction LLC,Minneapolis building permit,https://services.arcgis.com/afSMGVsC7QlRK1kZ/arcgis/rest/services/CCS_Permits/FeatureServer/0/query?where=permitNumber%3D%27BLDG1161849%27&outFields=%2A&f=html
2026-09-22,Assisted living,Building out a space,"Construction done, opening now",,2520 15th Ave S,Minneapolis,Change of occupancy from irc-1 to r3 assisted living. Must have 7' ceiling min. At all levels except lower level.,Hodo Mure,Minneapolis building permit,https://services.arcgis.com/afSMGVsC7QlRK1kZ/arcgis/rest/services/CCS_Permits/FeatureServer/0/query?where=permitNumber%3D%27BLDG1188758%27&outFields=%2A&f=html
2026-09-22,Child care center,Building out a space,"Construction done, opening now",,5140 Fremont Ave N,Minneapolis,Daycare. Building consists of assembly area and i-4,Agape Child Development Center,Minneapolis building permit,https://services.arcgis.com/afSMGVsC7QlRK1kZ/arcgis/rest/services/CCS_Permits/FeatureServer/0/query?where=permitNumber%3D%27BLDG1177753%27&outFields=%2A&f=html
2026-09-22,Restaurant or bar,New liquor license,License approved,Indigena by Owamni,806 2nd St S #tract E,Minneapolis,"New on-sale liquor license, number LIC431018",,Minneapolis liquor license,https://services.arcgis.com/afSMGVsC7QlRK1kZ/arcgis/rest/services/On_Sale_Liquor/FeatureServer/0/query?where=licenseNumber%3D%27LIC431018%27&outFields=%2A&f=html
2026-09-22,Bar,New liquor license,License approved,Spring Street Tavern,355 Monroe St NE,Minneapolis,"New on-sale liquor license, number LIC430444",,Minneapolis liquor license,https://services.arcgis.com/afSMGVsC7QlRK1kZ/arcgis/rest/services/On_Sale_Liquor/FeatureServer/0/query?where=licenseNumber%3D%27LIC430444%27&outFields=%2A&f=html
2026-09-21,Dessert shop,New liquor license,License approved,Fro Yo Soul,110 Kenwood Pkwy,Minneapolis,"New on-sale liquor license, number LIC423636",,Minneapolis liquor license,https://services.arcgis.com/afSMGVsC7QlRK1kZ/arcgis/rest/services/On_Sale_Liquor/FeatureServer/0/query?where=licenseNumber%3D%27LIC423636%27&outFields=%2A&f=html
2026-09-17,Child care center,Building out a space,"Final inspection, opening soon",,2833 13th Ave S #200,Minneapolis,Suite 200 child daycare inspection request,Anab Ali,Minneapolis building permit,https://services.arcgis.com/afSMGVsC7QlRK1kZ/arcgis/rest/services/CCS_Permits/FeatureServer/0/query?where=permitNumber%3D%27BLDG1192212%27&outFields=%2A&f=html
2026-09-17,Coffee shop or café,Building out a space,Under construction,,111 26th St E,Minneapolis,Remodel portions of existing cafe,Shanecon INC,Minneapolis building permit,https://services.arcgis.com/afSMGVsC7QlRK1kZ/arcgis/rest/services/CCS_Permits/FeatureServer/0/query?where=permitNumber%3D%27BLDG1193463%27&outFields=%2A&f=html
2026-09-17,Child care center,Building out a space,"Construction done, opening now",,5009 Beard Ave S,Minneapolis,remodel and change of occupancy of upper level offices to I4 child daycare.,Yellow Tree Construction Services,Minneapolis building permit,https://services.arcgis.com/afSMGVsC7QlRK1kZ/arcgis/rest/services/CCS_Permits/FeatureServer/0/query?where=permitNumber%3D%27BLDG1103917%27&outFields=%2A&f=html
2026-09-16,Restaurant,Building out a space,"Construction done, opening now",,3042 Nicollet Ave,Minneapolis,Tenant improvement of 3000 sft of shell space into a restaurant in a multi-tenant building,Flannery Construction INC,Minneapolis building permit,https://services.arcgis.com/afSMGVsC7QlRK1kZ/arcgis/rest/services/CCS_Permits/FeatureServer/0/query?where=permitNumber%3D%27BLDG1144055%27&outFields=%2A&f=html
2026-09-16,Salon or spa,Building out a space,Under construction,,3608 50th St W,Minneapolis,Convert existing vacant restaurant space into a nail salon,HL Construction LLC,Minneapolis building permit,https://services.arcgis.com/afSMGVsC7QlRK1kZ/arcgis/rest/services/CCS_Permits/FeatureServer/0/query?where=permitNumber%3D%27BLDG1196641%27&outFields=%2A&f=html
2026-09-16,Child care center,Building out a space,"Final inspection, opening soon",,510 Cedar Ave S,Minneapolis,"Daycare, no construction, inspection needed",Electro Star LLC,Minneapolis building permit,https://services.arcgis.com/afSMGVsC7QlRK1kZ/arcgis/rest/services/CCS_Permits/FeatureServer/0/query?where=permitNumber%3D%27BLDG1198964%27&outFields=%2A&f=html
2026-09-11,Restaurant,Building out a space,"Construction done, opening now",,220 Lowry Ave NE,Minneapolis,Remodel restaurant interior,Wood & Co.,Minneapolis building permit,https://services.arcgis.com/afSMGVsC7QlRK1kZ/arcgis/rest/services/CCS_Permits/FeatureServer/0/query?where=permitNumber%3D%27BLDG1166143%27&outFields=%2A&f=html
2026-09-11,Grocery or market,Building out a space,Under construction,,6001 Penn Ave S,Minneapolis,Remodel of existing convenience store,Dj Kranz Co INC,Minneapolis building permit,https://services.arcgis.com/afSMGVsC7QlRK1kZ/arcgis/rest/services/CCS_Permits/FeatureServer/0/query?where=permitNumber%3D%27BLDG1190480%27&outFields=%2A&f=html
2026-09-10,Pet business,Building out a space,"Construction done, opening now",,917 5th Ave S,Minneapolis,New dog daycare in existing space,Allan Spratt,Minneapolis building permit,https://services.arcgis.com/afSMGVsC7QlRK1kZ/arcgis/rest/services/CCS_Permits/FeatureServer/0/query?where=permitNumber%3D%27BLDG1171200%27&outFields=%2A&f=html
2026-09-09,Coffee shop or café,Building out a space,"Construction done, opening now",Cafe Harmony,501 1st Ave NE,Minneapolis,Tenant improvement,Yellow Tree Construction Services,Minneapolis building permit,https://services.arcgis.com/afSMGVsC7QlRK1kZ/arcgis/rest/services/CCS_Permits/FeatureServer/0/query?where=permitNumber%3D%27BLDG1181406%27&outFields=%2A&f=html
2026-09-09,Brewery or taproom,Building out a space,"Construction done, opening now",,4461 Minnehaha Ave,Minneapolis,Change of occupancy. Taproom and brewery (separate buildings). Storage is not permitted in large portion of lower level. Does not meet habitable requirements.,Kevin Welch,Minneapolis building permit,https://services.arcgis.com/afSMGVsC7QlRK1kZ/arcgis/rest/services/CCS_Permits/FeatureServer/0/query?where=permitNumber%3D%27BLDG1161079%27&outFields=%2A&f=html
2026-09-09,Child care center,Building out a space,"Construction done, opening now",,1016 West Broadway,Minneapolis,Tenant improvement - Bright Minds Childcare,Jda Design Architects,Minneapolis building permit,https://services.arcgis.com/afSMGVsC7QlRK1kZ/arcgis/rest/services/CCS_Permits/FeatureServer/0/query?where=permitNumber%3D%27BLDG1152414%27&outFields=%2A&f=html
2026-09-08,Child care center,Building out a space,Under construction,,2900 13th Ave S,Minneapolis,New child daycare tenant improvement in existing building,Electrostar,Minneapolis building permit,https://services.arcgis.com/afSMGVsC7QlRK1kZ/arcgis/rest/services/CCS_Permits/FeatureServer/0/query?where=permitNumber%3D%27BLDG1170783%27&outFields=%2A&f=html
2026-09-08,Coffee shop or café,Building out a space,Under construction,,2814 43rd St W,Minneapolis,Remodel existing coffee shop,Gomez Whitney LLC,Minneapolis building permit,https://services.arcgis.com/afSMGVsC7QlRK1kZ/arcgis/rest/services/CCS_Permits/FeatureServer/0/query?where=permitNumber%3D%27BLDG1165249%27&outFields=%2A&f=html
2026-09-04,Cannabis dispensary,Building out a space,Under construction,,3940 Minnehaha Ave,Minneapolis,New dispensary in existing building,Studio Bliss,Minneapolis building permit,https://services.arcgis.com/afSMGVsC7QlRK1kZ/arcgis/rest/services/CCS_Permits/FeatureServer/0/query?where=permitNumber%3D%27BLDG1182464%27&outFields=%2A&f=html
2026-09-02,Cannabis dispensary,Building out a space,Under construction,,810 38th St E,Minneapolis,New dispensary in existing building,Design 2 Builders INC,Minneapolis building permit,https://services.arcgis.com/afSMGVsC7QlRK1kZ/arcgis/rest/services/CCS_Permits/FeatureServer/0/query?where=permitNumber%3D%27BLDG1182732%27&outFields=%2A&f=html
2026-08-31,Commercial space,Building out a space,"Construction done, opening now",,305 5th Ave N,Minneapolis,New kitchenette at existing tenant space Unit #460,Crawford Merz LLC,Minneapolis building permit,https://services.arcgis.com/afSMGVsC7QlRK1kZ/arcgis/rest/services/CCS_Permits/FeatureServer/0/query?where=permitNumber%3D%27BLDG1183152%27&outFields=%2A&f=html
2026-08-27,Bar,Building out a space,"Construction done, opening now",,1308 4th St SE,Minneapolis,remodel main bar and entry area. add 2nd bar,Dering Pierson Group,Minneapolis building permit,https://services.arcgis.com/afSMGVsC7QlRK1kZ/arcgis/rest/services/CCS_Permits/FeatureServer/0/query?where=permitNumber%3D%27BLDG1177898%27&outFields=%2A&f=html
2026-08-27,Salon or spa,Building out a space,"Construction done, opening now",,210 2nd St N,Minneapolis,remodel - nail salon. space 105,Skyler Enterprises LLC,Minneapolis building permit,https://services.arcgis.com/afSMGVsC7QlRK1kZ/arcgis/rest/services/CCS_Permits/FeatureServer/0/query?where=permitNumber%3D%27BLDG1166428%27&outFields=%2A&f=html
2026-08-27,Coffee shop or café,Building out a space,Under construction,,2113 Chicago Ave,Minneapolis,"Remodel existing building for new coffee shop, offices, and storage area",Sadick Abdi Ali,Minneapolis building permit,https://services.arcgis.com/afSMGVsC7QlRK1kZ/arcgis/rest/services/CCS_Permits/FeatureServer/0/query?where=permitNumber%3D%27BLDG1180017%27&outFields=%2A&f=html
2026-08-27,Gym or fitness studio,Building out a space,"Construction done, opening now",,4901 France Ave S,Minneapolis,Fitness studio interior build out,James Kehl,Minneapolis building permit,https://services.arcgis.com/afSMGVsC7QlRK1kZ/arcgis/rest/services/CCS_Permits/FeatureServer/0/query?where=permitNumber%3D%27BLDG1162222%27&outFields=%2A&f=html
2026-08-27,Restaurant,Building out a space,Under construction,,90 7th St S,Minneapolis,New Restaurant Tenant - 1st Floor - Bellcour,Gardner Builders,Minneapolis building permit,https://services.arcgis.com/afSMGVsC7QlRK1kZ/arcgis/rest/services/CCS_Permits/FeatureServer/0/query?where=permitNumber%3D%27BLDG1181687%27&outFields=%2A&f=html
2026-08-27,Restaurant or bar,New liquor license,License approved,Strange Loop Laboratory,1629 Hennepin Ave #100,Minneapolis,"New on-sale liquor license, number LIC429907",,Minneapolis liquor license,https://services.arcgis.com/afSMGVsC7QlRK1kZ/arcgis/rest/services/On_Sale_Liquor/FeatureServer/0/query?where=licenseNumber%3D%27LIC429907%27&outFields=%2A&f=html
2026-08-26,Cannabis dispensary,Building out a space,"Construction done, opening now",,2640 Hennepin Ave,Minneapolis,New cannabis retail facility,Alliance Contracting Inc,Minneapolis building permit,https://services.arcgis.com/afSMGVsC7QlRK1kZ/arcgis/rest/services/CCS_Permits/FeatureServer/0/query?where=permitNumber%3D%27BLDG1160097%27&outFields=%2A&f=html
2026-08-26,Cannabis dispensary,Building out a space,Under construction,,21 26th St E,Minneapolis,New dispensary in existing building,Welter Construction LLC,Minneapolis building permit,https://services.arcgis.com/afSMGVsC7QlRK1kZ/arcgis/rest/services/CCS_Permits/FeatureServer/0/query?where=permitNumber%3D%27BLDG1177445%27&outFields=%2A&f=html
2026-08-21,Restaurant,New liquor license,License approved,Animales Barbeque Co,241 Fremont Ave N #a,Minneapolis,"New on-sale liquor license, number LIC422639",,Minneapolis liquor license,https://services.arcgis.com/afSMGVsC7QlRK1kZ/arcgis/rest/services/On_Sale_Liquor/FeatureServer/0/query?where=licenseNumber%3D%27LIC422639%27&outFields=%2A&f=html
2026-08-21,Entertainment venue,New liquor license,License approved,Lucky Shots Pickleball Club,3300 5th St NE,Minneapolis,"New on-sale liquor license, number LIC425549",,Minneapolis liquor license,https://services.arcgis.com/afSMGVsC7QlRK1kZ/arcgis/rest/services/On_Sale_Liquor/FeatureServer/0/query?where=licenseNumber%3D%27LIC425549%27&outFields=%2A&f=html
2026-08-21,Bar,New liquor license,License approved,SIX15 Bar and Lounge,615 2nd Ave S,Minneapolis,"New on-sale liquor license, number LIC421827",,Minneapolis liquor license,https://services.arcgis.com/afSMGVsC7QlRK1kZ/arcgis/rest/services/On_Sale_Liquor/FeatureServer/0/query?where=licenseNumber%3D%27LIC421827%27&outFields=%2A&f=html
2026-08-21,Restaurant or bar,New liquor license,License approved,Smorgie's,508 1st Ave N,Minneapolis,"New on-sale liquor license, number LIC422670",,Minneapolis liquor license,https://services.arcgis.com/afSMGVsC7QlRK1kZ/arcgis/rest/services/On_Sale_Liquor/FeatureServer/0/query?where=licenseNumber%3D%27LIC422670%27&outFields=%2A&f=html
2026-08-20,Cannabis dispensary,Building out a space,"Construction done, opening now",,3737 Minnehaha Ave,Minneapolis,Tenant improvement new cannabis dispensary,NW Construction,Minneapolis building permit,https://services.arcgis.com/afSMGVsC7QlRK1kZ/arcgis/rest/services/CCS_Permits/FeatureServer/0/query?where=permitNumber%3D%27BLDG1165409%27&outFields=%2A&f=html
2026-08-20,Child care center,Building out a space,"Construction done, opening now",,501 54th St W,Minneapolis,Annunciation daycare,Ayars & Ayars,Minneapolis building permit,https://services.arcgis.com/afSMGVsC7QlRK1kZ/arcgis/rest/services/CCS_Permits/FeatureServer/0/query?where=permitNumber%3D%27BLDG1180841%27&outFields=%2A&f=html
2026-08-20,Restaurant,New liquor license,License approved,Saffron Restaurant,165 13th Ave NE,Minneapolis,"New on-sale liquor license, number LIC432080",,Minneapolis liquor license,https://services.arcgis.com/afSMGVsC7QlRK1kZ/arcgis/rest/services/On_Sale_Liquor/FeatureServer/0/query?where=licenseNumber%3D%27LIC432080%27&outFields=%2A&f=html
2026-08-19,Restaurant,Building out a space,"Construction done, opening now",Saffron Restaurant,165 13th Ave NE,Minneapolis,Remodel existing restaurant,Greiner Construction Inc,Minneapolis building permit,https://services.arcgis.com/afSMGVsC7QlRK1kZ/arcgis/rest/services/CCS_Permits/FeatureServer/0/query?where=permitNumber%3D%27BLDG1166583%27&outFields=%2A&f=html
2026-08-19,Clinic,Building out a space,"Construction done, opening now",,2225 West River Rd N,Minneapolis,Alterations to the existing clinical areas to create a larger instrument decontamination room,Greiner Construction,Minneapolis building permit,https://services.arcgis.com/afSMGVsC7QlRK1kZ/arcgis/rest/services/CCS_Permits/FeatureServer/0/query?where=permitNumber%3D%27BLDG1162897%27&outFields=%2A&f=html
2026-08-18,Restaurant or bar,New liquor license,License approved,Chulla Vida,2405 Central Ave NE,Minneapolis,"New on-sale liquor license, number LIC421395",,Minneapolis liquor license,https://services.arcgis.com/afSMGVsC7QlRK1kZ/arcgis/rest/services/On_Sale_Liquor/FeatureServer/0/query?where=licenseNumber%3D%27LIC421395%27&outFields=%2A&f=html
2026-08-18,Bar,New liquor license,License approved,Lonely's Bar,117 Main St SE,Minneapolis,"New on-sale liquor license, number LIC429150",,Minneapolis liquor license,https://services.arcgis.com/afSMGVsC7QlRK1kZ/arcgis/rest/services/On_Sale_Liquor/FeatureServer/0/query?where=licenseNumber%3D%27LIC429150%27&outFields=%2A&f=html
2026-08-18,Theater or gallery,New liquor license,License approved,The Main Cinema / MSP Film,115 Main St SE,Minneapolis,"New on-sale liquor license, number LIC421580",,Minneapolis liquor license,https://services.arcgis.com/afSMGVsC7QlRK1kZ/arcgis/rest/services/On_Sale_Liquor/FeatureServer/0/query?where=licenseNumber%3D%27LIC421580%27&outFields=%2A&f=html
2026-08-18,Pizza place,New liquor license,License approved,Hometowne Pizza Minneapolis,118 4th St N,Minneapolis,"New on-sale liquor license, number LIC422129",,Minneapolis liquor license,https://services.arcgis.com/afSMGVsC7QlRK1kZ/arcgis/rest/services/On_Sale_Liquor/FeatureServer/0/query?where=licenseNumber%3D%27LIC422129%27&outFields=%2A&f=html
2026-08-18,Restaurant or bar,New liquor license,License approved,Rosalia,333 Hennepin Ave E,Minneapolis,"New on-sale liquor license, number LIC421286",,Minneapolis liquor license,https://services.arcgis.com/afSMGVsC7QlRK1kZ/arcgis/rest/services/On_Sale_Liquor/FeatureServer/0/query?where=licenseNumber%3D%27LIC421286%27&outFields=%2A&f=html
2026-08-18,Restaurant or bar,New liquor license,License approved,La Dona,241 Fremont Ave N #b,Minneapolis,"New on-sale liquor license, number LIC422736",,Minneapolis liquor license,https://services.arcgis.com/afSMGVsC7QlRK1kZ/arcgis/rest/services/On_Sale_Liquor/FeatureServer/0/query?where=licenseNumber%3D%27LIC422736%27&outFields=%2A&f=html
2026-08-18,Restaurant or bar,New liquor license,License approved,Fat Head Bill's,903 Washington Ave S #100,Minneapolis,"New on-sale liquor license, number LIC429146",,Minneapolis liquor license,https://services.arcgis.com/afSMGVsC7QlRK1kZ/arcgis/rest/services/On_Sale_Liquor/FeatureServer/0/query?where=licenseNumber%3D%27LIC429146%27&outFields=%2A&f=html
2026-08-18,Restaurant or bar,New liquor license,License approved,Nokko,4747 Nicollet Ave,Minneapolis,"New on-sale liquor license, number LIC421038",,Minneapolis liquor license,https://services.arcgis.com/afSMGVsC7QlRK1kZ/arcgis/rest/services/On_Sale_Liquor/FeatureServer/0/query?where=licenseNumber%3D%27LIC421038%27&outFields=%2A&f=html
2026-08-18,Bar,New liquor license,License approved,Killen's Irish Pub,324 6th Ave N,Minneapolis,"New on-sale liquor license, number LIC430324",,Minneapolis liquor license,https://services.arcgis.com/afSMGVsC7QlRK1kZ/arcgis/rest/services/On_Sale_Liquor/FeatureServer/0/query?where=licenseNumber%3D%27LIC430324%27&outFields=%2A&f=html
2026-08-18,Bar,New liquor license,License approved,JBJ BBQ HOT POT and BAR,2725 University Ave SE,Minneapolis,"New on-sale liquor license, number LIC427714",,Minneapolis liquor license,https://services.arcgis.com/afSMGVsC7QlRK1kZ/arcgis/rest/services/On_Sale_Liquor/FeatureServer/0/query?where=licenseNumber%3D%27LIC427714%27&outFields=%2A&f=html
2026-08-18,Theater or gallery,New liquor license,License approved,Art House Theater and Gallery,3037 Lyndale Ave S,Minneapolis,"New on-sale liquor license, number LIC429898",,Minneapolis liquor license,https://services.arcgis.com/afSMGVsC7QlRK1kZ/arcgis/rest/services/On_Sale_Liquor/FeatureServer/0/query?where=licenseNumber%3D%27LIC429898%27&outFields=%2A&f=html
2026-08-18,Coffee shop or café,New liquor license,License approved,Cafe Harmony,501 1st Ave NE #b,Minneapolis,"New on-sale liquor license, number LIC429517",,Minneapolis liquor license,https://services.arcgis.com/afSMGVsC7QlRK1kZ/arcgis/rest/services/On_Sale_Liquor/FeatureServer/0/query?where=licenseNumber%3D%27LIC429517%27&outFields=%2A&f=html
2026-08-18,Brewery or taproom,New liquor license,License approved,Dangerous Man Brewing Company,861 Hennepin Ave E #100,Minneapolis,"New on-sale liquor license, number LIC429827",,Minneapolis liquor license,https://services.arcgis.com/afSMGVsC7QlRK1kZ/arcgis/rest/services/On_Sale_Liquor/FeatureServer/0/query?where=licenseNumber%3D%27LIC429827%27&outFields=%2A&f=html
2026-08-17,Child care center,Building out a space,Under construction,,2519 Lyndale Ave N,Minneapolis,alterations and change of occupancy to E occupancy child daycare,Jda Design Architects,Minneapolis building permit,https://services.arcgis.com/afSMGVsC7QlRK1kZ/arcgis/rest/services/CCS_Permits/FeatureServer/0/query?where=permitNumber%3D%27BLDG1162398%27&outFields=%2A&f=html
2026-08-17,Restaurant,New liquor license,License approved,Arizona Taco Company,,Minneapolis,"New on-sale liquor license, number LIC428885",,Minneapolis liquor license,https://services.arcgis.com/afSMGVsC7QlRK1kZ/arcgis/rest/services/On_Sale_Liquor/FeatureServer/0/query?where=licenseNumber%3D%27LIC428885%27&outFields=%2A&f=html
2026-08-17,Restaurant,New liquor license,License approved,El Ranchito Taqueria,1821 Lake St E,Minneapolis,"New on-sale liquor license, number LIC429061",,Minneapolis liquor license,https://services.arcgis.com/afSMGVsC7QlRK1kZ/arcgis/rest/services/On_Sale_Liquor/FeatureServer/0/query?where=licenseNumber%3D%27LIC429061%27&outFields=%2A&f=html
2026-08-12,Assisted living,Building out a space,"Construction done, opening now",,3016 Harriet Ave,Minneapolis,Fire-rate north exterior wall and convert to assisted living facility,Andrea Sampson,Minneapolis building permit,https://services.arcgis.com/afSMGVsC7QlRK1kZ/arcgis/rest/services/CCS_Permits/FeatureServer/0/query?where=permitNumber%3D%27BLDG1155131%27&outFields=%2A&f=html
2026-08-11,Clinic,Building out a space,Under construction,,3152 Minnehaha Ave,Minneapolis,Partial first floor renovation of existing clinic spaces,Bauer Design Build,Minneapolis building permit,https://services.arcgis.com/afSMGVsC7QlRK1kZ/arcgis/rest/services/CCS_Permits/FeatureServer/0/query?where=permitNumber%3D%27BLDG1187477%27&outFields=%2A&f=html
2026-08-11,Shop,Building out a space,Under construction,,627 West Broadway,Minneapolis,remodel first floor for retail sales. work is in the 627 W Broadway building formerly occupied by Walgreens retail,Landon Vowels,Minneapolis building permit,https://services.arcgis.com/afSMGVsC7QlRK1kZ/arcgis/rest/services/CCS_Permits/FeatureServer/0/query?where=permitNumber%3D%27BLDG1188267%27&outFields=%2A&f=html
2026-08-07,Entertainment venue,New liquor license,License approved,Puttshack,700 3rd St N,Minneapolis,"New on-sale liquor license, number LIC423925",,Minneapolis liquor license,https://services.arcgis.com/afSMGVsC7QlRK1kZ/arcgis/rest/services/On_Sale_Liquor/FeatureServer/0/query?where=licenseNumber%3D%27LIC423925%27&outFields=%2A&f=html
2026-08-07,Restaurant or bar,New liquor license,License approved,Nokomis House,5401 Chicago Ave,Minneapolis,"New on-sale liquor license, number LIC432547",,Minneapolis liquor license,https://services.arcgis.com/afSMGVsC7QlRK1kZ/arcgis/rest/services/On_Sale_Liquor/FeatureServer/0/query?where=licenseNumber%3D%27LIC432547%27&outFields=%2A&f=html
2026-08-06,Restaurant or bar,New liquor license,License approved,Stub & Herb's,227 Oak St SE,Minneapolis,"New on-sale liquor license, number LIC431115",,Minneapolis liquor license,https://services.arcgis.com/afSMGVsC7QlRK1kZ/arcgis/rest/services/On_Sale_Liquor/FeatureServer/0/query?where=licenseNumber%3D%27LIC431115%27&outFields=%2A&f=html
2026-08-05,Child care center,Building out a space,"Construction done, opening now",,1125 5th St SE,Minneapolis,Daycare change of ownership. Infant room located on level 1 to have (2) exits per section 1006.2.2.4 existing child care license for miniapple international…,Miniapple International Montessori,Minneapolis building permit,https://services.arcgis.com/afSMGVsC7QlRK1kZ/arcgis/rest/services/CCS_Permits/FeatureServer/0/query?where=permitNumber%3D%27BLDG1169541%27&outFields=%2A&f=html
2026-08-05,Bar,New liquor license,License approved,River City Tavern,200 West Broadway,Minneapolis,"New on-sale liquor license, number LIC421826",,Minneapolis liquor license,https://services.arcgis.com/afSMGVsC7QlRK1kZ/arcgis/rest/services/On_Sale_Liquor/FeatureServer/0/query?where=licenseNumber%3D%27LIC421826%27&outFields=%2A&f=html
2026-08-04,Bar,Building out a space,"Construction done, opening now",JBJ BBQ HOT POT and BAR,2725 University Ave SE,Minneapolis,Converting existing restaurant in to a new restaurant,Qin Construction INC,Minneapolis building permit,https://services.arcgis.com/afSMGVsC7QlRK1kZ/arcgis/rest/services/CCS_Permits/FeatureServer/0/query?where=permitNumber%3D%27BLDG1111958%27&outFields=%2A&f=html
2026-08-04,Restaurant,Building out a space,Under construction,,412 Cedar Lake Rd S,Minneapolis,New restaurant and market. 1st floor only. Remodel interior. No structural work,Davis And Davis Design Build,Minneapolis building permit,https://services.arcgis.com/afSMGVsC7QlRK1kZ/arcgis/rest/services/CCS_Permits/FeatureServer/0/query?where=permitNumber%3D%27BLDG1182430%27&outFields=%2A&f=html
2026-08-03,Restaurant,Building out a space,"Construction done, opening now",,3055 Central Ave NE,Minneapolis,New restaurant in existing building,Riverwood Group Architecture,Minneapolis building permit,https://services.arcgis.com/afSMGVsC7QlRK1kZ/arcgis/rest/services/CCS_Permits/FeatureServer/0/query?where=permitNumber%3D%27BLDG1146526%27&outFields=%2A&f=html
2026-07-30,Clinic,Building out a space,"Construction done, opening now",,109 2nd St N,Minneapolis,Tenant improvement for message therapy wellness,Stacey Wellnitz,Minneapolis building permit,https://services.arcgis.com/afSMGVsC7QlRK1kZ/arcgis/rest/services/CCS_Permits/FeatureServer/0/query?where=permitNumber%3D%27BLDG1168796%27&outFields=%2A&f=html
2026-07-28,Cannabis dispensary,Building out a space,"Construction done, opening now",,5152 Hiawatha Ave,Minneapolis,New cannibis dispensary. Mechanical permit or letter from licensed mechanical contractor required stating that the mechical systems for this property meet mn…,Colton Hinz,Minneapolis building permit,https://services.arcgis.com/afSMGVsC7QlRK1kZ/arcgis/rest/services/CCS_Permits/FeatureServer/0/query?where=permitNumber%3D%27BLDG1166064%27&outFields=%2A&f=html
2026-07-27,Restaurant,Building out a space,Under construction,,403 Lake St E,Minneapolis,Unit a-101. Restaurant tenant build out. Previous permit is: 1161053. Certificate of occupancy is required,Eulex Builders,Minneapolis building permit,https://services.arcgis.com/afSMGVsC7QlRK1kZ/arcgis/rest/services/CCS_Permits/FeatureServer/0/query?where=permitNumber%3D%27BLDG1183581%27&outFields=%2A&f=html
2026-07-24,Restaurant,New liquor license,License approved,AntojitosRyan.S,1724 Lowry Ave N,Minneapolis,"New on-sale liquor license, number LIC429467",,Minneapolis liquor license,https://services.arcgis.com/afSMGVsC7QlRK1kZ/arcgis/rest/services/On_Sale_Liquor/FeatureServer/0/query?where=licenseNumber%3D%27LIC429467%27&outFields=%2A&f=html
2026-07-24,Restaurant or bar,New liquor license,License approved,The Tasting Room,1434 31st St W,Minneapolis,"New on-sale liquor license, number LIC429903",,Minneapolis liquor license,https://services.arcgis.com/afSMGVsC7QlRK1kZ/arcgis/rest/services/On_Sale_Liquor/FeatureServer/0/query?where=licenseNumber%3D%27LIC429903%27&outFields=%2A&f=html
2026-07-24,Bar,New liquor license,License approved,INTI Kitchen & Bar,4537 Nicollet Ave,Minneapolis,"New on-sale liquor license, number LIC430361",,Minneapolis liquor license,https://services.arcgis.com/afSMGVsC7QlRK1kZ/arcgis/rest/services/On_Sale_Liquor/FeatureServer/0/query?where=licenseNumber%3D%27LIC430361%27&outFields=%2A&f=html
2026-07-21,Child care center,Building out a space,"Construction done, opening now",,2800 1st Ave S,Minneapolis,Mn dhs request for inter-agency inspections for apple child care inc.,Saaid Abdirisaaq,Minneapolis building permit,https://services.arcgis.com/afSMGVsC7QlRK1kZ/arcgis/rest/services/CCS_Permits/FeatureServer/0/query?where=permitNumber%3D%27BLDG1164346%27&outFields=%2A&f=html
2026-07-21,Shop,New liquor license,License approved,Bill's Bait Shop,3101 42nd St E,Minneapolis,"New on-sale liquor license, number LIC430932",,Minneapolis liquor license,https://services.arcgis.com/afSMGVsC7QlRK1kZ/arcgis/rest/services/On_Sale_Liquor/FeatureServer/0/query?where=licenseNumber%3D%27LIC430932%27&outFields=%2A&f=html
2026-07-20,Shop,Building out a space,"Construction done, opening now",Bill's Bait Shop,3101 42nd St E,Minneapolis,New Restaurant Tenant - Bina's 2.0,Lucky Seven LLC,Minneapolis building permit,https://services.arcgis.com/afSMGVsC7QlRK1kZ/arcgis/rest/services/CCS_Permits/FeatureServer/0/query?where=permitNumber%3D%27BLDG1151363%27&outFields=%2A&f=html
2026-07-17,Child care center,Building out a space,"Construction done, opening now",,3928 Nicollet Ave,Minneapolis,Add toddler toilets to existing daycare,Casa De Corazon- Northeast,Minneapolis building permit,https://services.arcgis.com/afSMGVsC7QlRK1kZ/arcgis/rest/services/CCS_Permits/FeatureServer/0/query?where=permitNumber%3D%27BLDG1160674%27&outFields=%2A&f=html
2026-07-17,Cannabis dispensary,Building out a space,"Final inspection, opening soon",Minnesota Natural,4204 Cedar Ave S,Minneapolis,New Cannabis Retail Facility - Minnesota Natural,Max Cohen,Minneapolis building permit,https://services.arcgis.com/afSMGVsC7QlRK1kZ/arcgis/rest/services/CCS_Permits/FeatureServer/0/query?where=permitNumber%3D%27BLDG1174003%27&outFields=%2A&f=html
2026-07-16,Brewery or taproom,Building out a space,Under construction,,6031 Pillsbury Ave,Minneapolis,Remodel existing brewery to restaurant. Full kitchen and bar. Panic hardware required. Separated occupancies.,Modify Construction LLC,Minneapolis building permit,https://services.arcgis.com/afSMGVsC7QlRK1kZ/arcgis/rest/services/CCS_Permits/FeatureServer/0/query?where=permitNumber%3D%27BLDG1162005%27&outFields=%2A&f=html
2026-07-16,Coffee shop or café,Building out a space,"Construction done, opening now",,2635 Nicollet Ave,Minneapolis,Remodel of grocery store to add meat prep and coffee prep (takeout only),Electrostar,Minneapolis building permit,https://services.arcgis.com/afSMGVsC7QlRK1kZ/arcgis/rest/services/CCS_Permits/FeatureServer/0/query?where=permitNumber%3D%27BLDG1166855%27&outFields=%2A&f=html
2026-07-15,Restaurant,Building out a space,"Construction done, opening now",Mother Dough LLC,800 Nicollet Mall #240,Minneapolis,Restaurant TI,M Carr And Associates INC,Minneapolis building permit,https://services.arcgis.com/afSMGVsC7QlRK1kZ/arcgis/rest/services/CCS_Permits/FeatureServer/0/query?where=permitNumber%3D%27BLDG1162753%27&outFields=%2A&f=html
2026-07-14,Child care center,Building out a space,"Construction done, opening now",,4203 Webber Pkwy,Minneapolis,"Expand daycare into previous b occupancy change of occupancy mechanical alterations required, mechanical engineer: 51682 - nebelung, eric nicholas @…",Broderick B Austin,Minneapolis building permit,https://services.arcgis.com/afSMGVsC7QlRK1kZ/arcgis/rest/services/CCS_Permits/FeatureServer/0/query?where=permitNumber%3D%27BLDG1127649%27&outFields=%2A&f=html
2026-07-14,Bar,New liquor license,"License pending, not open yet",Jimmy's Bar & Lounge,1828 4th St NE,Minneapolis,"New on-sale liquor license, number LIC429862",,Minneapolis liquor license,https://services.arcgis.com/afSMGVsC7QlRK1kZ/arcgis/rest/services/On_Sale_Liquor/FeatureServer/0/query?where=licenseNumber%3D%27LIC429862%27&outFields=%2A&f=html
2026-07-14,Restaurant,New liquor license,"License pending, not open yet",Broders Cucina Italiana,2308 50th St W,Minneapolis,"New on-sale liquor license, number LIC426193",,Minneapolis liquor license,https://services.arcgis.com/afSMGVsC7QlRK1kZ/arcgis/rest/services/On_Sale_Liquor/FeatureServer/0/query?where=licenseNumber%3D%27LIC426193%27&outFields=%2A&f=html
2026-07-13,Gym or fitness studio,Building out a space,"Construction done, opening now",,710 24th St E,Minneapolis,"2nd story gym addition. Building d. 2nd floor is 55,050 sf",Rochon Corporation,Minneapolis building permit,https://services.arcgis.com/afSMGVsC7QlRK1kZ/arcgis/rest/services/CCS_Permits/FeatureServer/0/query?where=permitNumber%3D%27BLDG1114995%27&outFields=%2A&f=html
2026-07-13,Restaurant,New liquor license,License approved,Babii Cajun,,Minneapolis,"New on-sale liquor license, number LIC427842",,Minneapolis liquor license,https://services.arcgis.com/afSMGVsC7QlRK1kZ/arcgis/rest/services/On_Sale_Liquor/FeatureServer/0/query?where=licenseNumber%3D%27LIC427842%27&outFields=%2A&f=html
2026-07-13,Bar,New liquor license,License approved,Mi Lindo Guanajuato Mexican Restaurant and Bar,205 Lake St E,Minneapolis,"New on-sale liquor license, number LIC420674",,Minneapolis liquor license,https://services.arcgis.com/afSMGVsC7QlRK1kZ/arcgis/rest/services/On_Sale_Liquor/FeatureServer/0/query?where=licenseNumber%3D%27LIC420674%27&outFields=%2A&f=html
2026-07-09,Cannabis dispensary,Building out a space,"Construction done, opening now",,5 38th St E,Minneapolis,Ocm - cannabis store. Soderlin plumbing has reviewed the mechanical systems on site. No modifications required to mechanical system.,Zachary Johnson,Minneapolis building permit,https://services.arcgis.com/afSMGVsC7QlRK1kZ/arcgis/rest/services/CCS_Permits/FeatureServer/0/query?where=permitNumber%3D%27BLDG1179555%27&outFields=%2A&f=html
2026-07-09,Dental office,Building out a space,"Construction done, opening now",,4103 Lake St E,Minneapolis,Dental office tenant improvement,Heritage Construction Co LLC,Minneapolis building permit,https://services.arcgis.com/afSMGVsC7QlRK1kZ/arcgis/rest/services/CCS_Permits/FeatureServer/0/query?where=permitNumber%3D%27BLDG1163258%27&outFields=%2A&f=html
2026-07-09,Restaurant,Building out a space,"Construction done, opening now",,626 Lake St W,Minneapolis,Remove three knee walls in restaurant,Dominic Nzara,Minneapolis building permit,https://services.arcgis.com/afSMGVsC7QlRK1kZ/arcgis/rest/services/CCS_Permits/FeatureServer/0/query?where=permitNumber%3D%27BLDG1135880%27&outFields=%2A&f=html
2026-07-09,Restaurant,Building out a space,"Construction done, opening now",,626 Lake St W,Minneapolis,Remove three knee walls in restaurant,Dominic Nzara,Minneapolis building permit,https://services.arcgis.com/afSMGVsC7QlRK1kZ/arcgis/rest/services/CCS_Permits/FeatureServer/0/query?where=permitNumber%3D%27BLDG1135880%27&outFields=%2A&f=html
2026-07-07,Restaurant,Building out a space,"Construction done, opening now",Zeytun Restaurant,1433 Franklin Ave E,Minneapolis,Tenant remodel. Creating restaurant and coffee shop. No structural work. Change of occupancy,Jda Design Architects,Minneapolis building permit,https://services.arcgis.com/afSMGVsC7QlRK1kZ/arcgis/rest/services/CCS_Permits/FeatureServer/0/query?where=permitNumber%3D%27BLDG1152415%27&outFields=%2A&f=html
2026-07-06,Bar,Building out a space,"Construction done, opening now",,350 5th St N #150,Minneapolis,Build-out shell space for suite 150/new hope breakfast bar restaurant,Rj Marco Const,Minneapolis building permit,https://services.arcgis.com/afSMGVsC7QlRK1kZ/arcgis/rest/services/CCS_Permits/FeatureServer/0/query?where=permitNumber%3D%27BLDG1050679%27&outFields=%2A&f=html
2026-07-06,Cannabis dispensary,Building out a space,"Construction done, opening now",,726 Central Ave NE,Minneapolis,remodel retail cannabis sales,Joe Sinykin,Minneapolis building permit,https://services.arcgis.com/afSMGVsC7QlRK1kZ/arcgis/rest/services/CCS_Permits/FeatureServer/0/query?where=permitNumber%3D%27BLDG1169539%27&outFields=%2A&f=html
2026-07-02,Dental office,Building out a space,"Final inspection, opening soon",,1501 Hennepin Ave,Minneapolis,"2,400 sq ft remodel on 5th floor - dental assistant program",Miller Dunwiddie Architecture,Minneapolis building permit,https://services.arcgis.com/afSMGVsC7QlRK1kZ/arcgis/rest/services/CCS_Permits/FeatureServer/0/query?where=permitNumber%3D%27BLDG1181996%27&outFields=%2A&f=html
2026-07-02,Cannabis dispensary,Building out a space,Under construction,,2938 Lyndale Ave S,Minneapolis,Ocm. Cannabis dispensary. All exiting to meet section 1010.1.9.,Minny Roots LLC,Minneapolis building permit,https://services.arcgis.com/afSMGVsC7QlRK1kZ/arcgis/rest/services/CCS_Permits/FeatureServer/0/query?where=permitNumber%3D%27BLDG1181547%27&outFields=%2A&f=html
2026-07-02,Restaurant or bar,Building out a space,"Construction done, opening now",Confetti Blossom LLC,800 Lasalle Ave,Minneapolis,Tenant Improvement in existing building,Fendler Patterson Construction,Minneapolis building permit,https://services.arcgis.com/afSMGVsC7QlRK1kZ/arcgis/rest/services/CCS_Permits/FeatureServer/0/query?where=permitNumber%3D%27BLDG1129538%27&outFields=%2A&f=html
2026-07-02,Restaurant or bar,New liquor license,License approved,Pillsbury Club,100 22nd St E,Minneapolis,"New on-sale liquor license, number LIC427804",,Minneapolis liquor license,https://services.arcgis.com/afSMGVsC7QlRK1kZ/arcgis/rest/services/On_Sale_Liquor/FeatureServer/0/query?where=licenseNumber%3D%27LIC427804%27&outFields=%2A&f=html
2026-07-01,Child care center,Building out a space,"Construction done, opening now",,1822 Lake St E,Minneapolis,interagency inspection for existing daycare change of ownership.,Falis Abdi Ahmed,Minneapolis building permit,https://services.arcgis.com/afSMGVsC7QlRK1kZ/arcgis/rest/services/CCS_Permits/FeatureServer/0/query?where=permitNumber%3D%27BLDG1172201%27&outFields=%2A&f=html
2026-06-30,Bakery,Building out a space,"Final inspection, opening soon",,4600 Nicollet Ave,Minneapolis,Remodel existing bakery for new bakery tenant. No change of occupancy. No structural work,Intent Built INC,Minneapolis building permit,https://services.arcgis.com/afSMGVsC7QlRK1kZ/arcgis/rest/services/CCS_Permits/FeatureServer/0/query?where=permitNumber%3D%27BLDG1169796%27&outFields=%2A&f=html
2026-06-30,Grocery or market,Building out a space,"Construction done, opening now",,5357 Penn Ave S,Minneapolis,T/i grocery change of occupancy = yes,Rise Collaborative Development,Minneapolis building permit,https://services.arcgis.com/afSMGVsC7QlRK1kZ/arcgis/rest/services/CCS_Permits/FeatureServer/0/query?where=permitNumber%3D%27BLDG1154678%27&outFields=%2A&f=html
2026-06-26,Cannabis dispensary,Building out a space,"Final inspection, opening soon",,4423 Nicollet Ave,Minneapolis,Ocm - cannabis dispensary. Mechanical permit or letter from licensed mechanical designer/contractor/engineer required stating that the bldg has a working…,AWH Architects,Minneapolis building permit,https://services.arcgis.com/afSMGVsC7QlRK1kZ/arcgis/rest/services/CCS_Permits/FeatureServer/0/query?where=permitNumber%3D%27BLDG1181973%27&outFields=%2A&f=html
2026-06-22,Coffee shop or café,Building out a space,"Final inspection, opening soon",,2000 Portland Ave,Minneapolis,first floor remodel for tea/coffee shop and art studio,Greiner Construction Inc,Minneapolis building permit,https://services.arcgis.com/afSMGVsC7QlRK1kZ/arcgis/rest/services/CCS_Permits/FeatureServer/0/query?where=permitNumber%3D%27BLDG1170251%27&outFields=%2A&f=html
2026-06-22,Restaurant,New liquor license,License approved,Sushi Train,3236 Lake St W,Minneapolis,"New on-sale liquor license, number LIC429869",,Minneapolis liquor license,https://services.arcgis.com/afSMGVsC7QlRK1kZ/arcgis/rest/services/On_Sale_Liquor/FeatureServer/0/query?where=licenseNumber%3D%27LIC429869%27&outFields=%2A&f=html
2026-06-22,Restaurant,New liquor license,License approved,Iconos Gastro Cantina/Iconos,2937 Lyndale Ave S #200,Minneapolis,"New on-sale liquor license, number LIC430783",,Minneapolis liquor license,https://services.arcgis.com/afSMGVsC7QlRK1kZ/arcgis/rest/services/On_Sale_Liquor/FeatureServer/0/query?where=licenseNumber%3D%27LIC430783%27&outFields=%2A&f=html
2026-06-18,Restaurant,Building out a space,"Construction done, opening now",Confetti Blossom LLC,800 Lasalle Ave #104,Minneapolis,parcelle- existing tenant space for new restaurant,Greiner Construction,Minneapolis building permit,https://services.arcgis.com/afSMGVsC7QlRK1kZ/arcgis/rest/services/CCS_Permits/FeatureServer/0/query?where=permitNumber%3D%27BLDG1148643%27&outFields=%2A&f=html
2026-06-18,Shop,New liquor license,License approved,D'Amico Hospitality at Machine Shop,300 2nd St SE #100,Minneapolis,"New on-sale liquor license, number LIC428541",,Minneapolis liquor license,https://services.arcgis.com/afSMGVsC7QlRK1kZ/arcgis/rest/services/On_Sale_Liquor/FeatureServer/0/query?where=licenseNumber%3D%27LIC428541%27&outFields=%2A&f=html
2026-06-17,Child care center,Building out a space,"Construction done, opening now",,4123 Lake St E,Minneapolis,"Daycare needs DHS inspection. No work to be done. Note, work/drawings are for previous permit BLDG957091",Fadumo Abdi,Minneapolis building permit,https://services.arcgis.com/afSMGVsC7QlRK1kZ/arcgis/rest/services/CCS_Permits/FeatureServer/0/query?where=permitNumber%3D%27BLDG1174321%27&outFields=%2A&f=html
2026-06-15,Restaurant,Building out a space,Under construction,,219 Main St SE,Minneapolis,Tenant improvement restaurant remodel,Gomez Whitney LLC,Minneapolis building permit,https://services.arcgis.com/afSMGVsC7QlRK1kZ/arcgis/rest/services/CCS_Permits/FeatureServer/0/query?where=permitNumber%3D%27BLDG1176966%27&outFields=%2A&f=html
2026-06-11,Cannabis dispensary,Building out a space,Under construction,,700 West Broadway,Minneapolis,Remodel vacant tenant space into cannabis store. A mechanical permit or a letter from a licensed mechanical designer stating that the mechanical system meets…,Green Owl Dispensary,Minneapolis building permit,https://services.arcgis.com/afSMGVsC7QlRK1kZ/arcgis/rest/services/CCS_Permits/FeatureServer/0/query?where=permitNumber%3D%27BLDG1167732%27&outFields=%2A&f=html
2026-06-11,Cannabis dispensary,Building out a space,Under construction,,700 West Broadway,Minneapolis,Remodel vacant tenant space into cannabis store. A mechanical permit or a letter from a licensed mechanical designer stating that the mechanical system meets…,Green Owl Dispensary,Minneapolis building permit,https://services.arcgis.com/afSMGVsC7QlRK1kZ/arcgis/rest/services/CCS_Permits/FeatureServer/0/query?where=permitNumber%3D%27BLDG1167732%27&outFields=%2A&f=html
2026-06-11,Cannabis dispensary,Building out a space,Under construction,,918 Lake St W,Minneapolis,Interior tenant fit-out for a cannabis retail,Wjca,Minneapolis building permit,https://services.arcgis.com/afSMGVsC7QlRK1kZ/arcgis/rest/services/CCS_Permits/FeatureServer/0/query?where=permitNumber%3D%27BLDG1174557%27&outFields=%2A&f=html
2026-06-09,Restaurant,Building out a space,"Construction done, opening now",,2710 Nicollet Ave,Minneapolis,Interior Remodel for New Restaurant,Chan Consulting LLC,Minneapolis building permit,https://services.arcgis.com/afSMGVsC7QlRK1kZ/arcgis/rest/services/CCS_Permits/FeatureServer/0/query?where=permitNumber%3D%27BLDG1166630%27&outFields=%2A&f=html
2026-06-09,Bar,Building out a space,"Construction done, opening now","Killen's Irish Pub, LLC",324 6th Ave N,Minneapolis,Remodel existing retaurant for new bar tenant.. Revision after issuance 4/10/26 - platform for mechanical above bar installed. Non combustible construction,Cutting Edge Construction Inc,Minneapolis building permit,https://services.arcgis.com/afSMGVsC7QlRK1kZ/arcgis/rest/services/CCS_Permits/FeatureServer/0/query?where=permitNumber%3D%27BLDG1146532%27&outFields=%2A&f=html
2026-04-14,Restaurant or bar,New liquor license,"License pending, not open yet",Mestiizo,337 13th Ave NE,Minneapolis,"New on-sale liquor license, number LIC426403",,Minneapolis liquor license,https://services.arcgis.com/afSMGVsC7QlRK1kZ/arcgis/rest/services/On_Sale_Liquor/FeatureServer/0/query?where=licenseNumber%3D%27LIC426403%27&outFields=%2A&f=html
2026-03-31,Coffee shop or café,New liquor license,"License pending, not open yet",Dreamstate Cafe,2558 Lyndale Ave S,Minneapolis,"New on-sale liquor license, number LIC422451",,Minneapolis liquor license,https://services.arcgis.com/afSMGVsC7QlRK1kZ/arcgis/rest/services/On_Sale_Liquor/FeatureServer/0/query?where=licenseNumber%3D%27LIC422451%27&outFields=%2A&f=html
2026-03-27,Restaurant,New liquor license,"License pending, not open yet",Aurelias Mexican Uptown,2901 Lyndale Ave S,Minneapolis,"New on-sale liquor license, number LIC425213",,Minneapolis liquor license,https://services.arcgis.com/afSMGVsC7QlRK1kZ/arcgis/rest/services/On_Sale_Liquor/FeatureServer/0/query?where=licenseNumber%3D%27LIC425213%27&outFields=%2A&f=html
2026-03-27,Restaurant or bar,New liquor license,"License pending, not open yet",Celio,130 Hennepin Ave E,Minneapolis,"New on-sale liquor license, number LIC428090",,Minneapolis liquor license,https://services.arcgis.com/afSMGVsC7QlRK1kZ/arcgis/rest/services/On_Sale_Liquor/FeatureServer/0/query?where=licenseNumber%3D%27LIC428090%27&outFields=%2A&f=html
2026-03-18,Restaurant or bar,New liquor license,"License pending, not open yet",Bellecour,107 3rd Ave N #a,Minneapolis,"New on-sale liquor license, number LIC427051",,Minneapolis liquor license,https://services.arcgis.com/afSMGVsC7QlRK1kZ/arcgis/rest/services/On_Sale_Liquor/FeatureServer/0/query?where=licenseNumber%3D%27LIC427051%27&outFields=%2A&f=html
2026-03-12,Restaurant or bar,New liquor license,"License pending, not open yet",Cheba Hut - Uptown Minneapolis,1118 Lake St W,Minneapolis,"New on-sale liquor license, number LIC427200",,Minneapolis liquor license,https://services.arcgis.com/afSMGVsC7QlRK1kZ/arcgis/rest/services/On_Sale_Liquor/FeatureServer/0/query?where=licenseNumber%3D%27LIC427200%27&outFields=%2A&f=html
